"year","team","seed","games","ppg","fgm","fga","fgm3","fga3","ftm","fta","or","dr","ast","to","stl","blk","pf","wins","points_allowed","rpg","fg_percent","ft_percent","fg3_percent","total_possessions","total_points","ppp","total_points_allowed","dppp","efg","ts","win_percent","possessions_per_game"
2016,"Villanova",2,34,76.9705882353,26.6176470588,56.9411764706,8.55882352941,24.9117647059,15.1764705882,19.5294117647,9.26470588235,26.3529411765,16.1470588235,11.1176470588,6.73529411765,3.41176470588,17.5294117647,29,63.7058823529,35.61764705885,46.7458677685441,77.7108433733367,34.3565525383393,2291.15999999961,2617.0000000002,1.14221616997532,2165.9999999986,0.945372649661729,54.2613636363096,58.725585236245,85.2941176470588,67.387058823518
2016,"North Carolina",1,34,82.2647058824,30.7941176471,64.3235294118,5.38235294118,17.1470588235,15.2941176471,20.7352941176,14.0294117647,26.9411764706,18.1176470588,10.9117647059,6.88235294118,4.38235294118,17.9117647059,28,69.5588235294,40.9705882353,47.8737997256893,73.7588652485929,31.3893653517039,2391.2000000013,2797.0000000016,1.16970558715293,2364.9999999996,0.989043158246202,52.0576131687625,56.0027230498367,82.3529411764706,70.329411764744
